antenna_lat,antenna_lon,distance_ground_m,distance_3d_m,azimuth_from_drone_deg,elevation_geom_deg,elevation_in_antenna_frame_deg,rsrp_dbm
57.1124627,13.921186466666667,14.520689787824544,116.90530540533322,12.85618696891629,-82.86492180293274,-77.86492180293274,-94.3
57.112424866666665,13.921458150000001,22.01176541500749,118.06997000374533,63.12637162702225,-79.25549349104455,-74.25549349104455,-86.3
57.1124201,13.9215657,27.774458565542893,119.2787514547711,70.17457561404325,-76.5348803464386,-71.5348803464386,-98.1
57.112414433333335,13.921703416666666,35.54721430424617,121.32437696024655,75.68388627985013,-72.96276175128958,-67.96276175128958,-98.1
57.11240995,13.921843683333332,43.706041343611254,123.96055037764819,79.06427766389317,-69.35478406682068,-64.35478406682068,-100.8
57.11240323333333,13.921956833333333,50.313031645439345,126.44129528502538,81.37580052235506,-66.55202944889263,-61.552029448892625,-102.4
57.11238221666667,13.922057066666667,56.038575745277036,128.82671295798536,84.66775505924238,-64.21522197817325,-59.21522197817325,-100.5
57.112158316666665,13.922089916666666,61.042270408985075,131.08073381196664,108.81682609888816,-62.24546710355688,-57.24546710355688,-100.8
57.11197318333333,13.9220697,69.43360611161856,135.1925503038662,125.45379600939003,-59.096713175553084,-54.096713175553084,-99.8
57.11183366666667,13.922056533333334,78.879853048644,140.27840609650394,135.01210270222293,-55.784347500767424,-50.784347500767424,-99.1
57.111760333333336,13.922051933333334,84.66088130845402,143.60872126693468,139.04972535803915,-53.87671674133702,-48.87671674133702,-99.4
57.111683666666664,13.922048133333334,91.13153552517457,147.51595428012575,142.6738477739433,-51.846231138263036,-46.846231138263036,-100.4
57.11160468333333,13.922048316666666,98.26609154900187,152.02705268575332,145.7751904669156,-49.731348224252166,-44.731348224252166,-101.6
57.111527683333335,13.922045633333333,105.37072792284513,156.7130827435612,148.46749159317596,-47.74898607273914,-42.74898607273914,-100.4
57.11145425,13.92204835,112.49216305162653,161.58739662496495,150.57173790519278,-45.87954204686273,-40.87954204686273,-100.4
57.1113801,13.922050283333334,119.7959389430292,166.7545111451021,152.46095653184443,-44.07770890216301,-39.07770890216301,-99.5
57.11130826666667,13.92205335,127.01311264682997,172.01258902835085,154.05299138312137,-42.405187686656504,-37.405187686656504,-99.0
57.1112337,13.922058033333334,134.63480609899682,177.71474618982654,155.48876384329992,-40.747857788458155,-35.747857788458155,-98.4
57.1111605,13.9220621,142.17763042825962,183.49517321770287,156.7596144675515,-39.21034538442486,-34.21034538442486,-101.3
57.11108725,13.922061566666667,149.68423188975902,189.3709831954916,158.0012249776829,-37.774421679616225,-32.774421679616225,-106.0
57.11101245,13.922060266666668,157.39897364018586,195.52605172453087,159.16188107532514,-36.38949672487893,-31.38949672487893,-116.1
57.11094323333333,13.922051466666666,164.4349198592771,201.23330457239646,160.28894207876215,-35.20091296283014,-30.200912962830138,-115.1
57.11087306666667,13.922036433333334,171.509255424368,207.05415884792342,161.45356142946775,-34.07238963208537,-29.07238963208537,-115.3
57.110803266666665,13.922010883333334,178.42024825736223,212.8139680289308,162.71608601506716,-33.02992593918911,-28.029925939189113,-115.6
57.11073648333333,13.92198705,185.11800407629224,218.45977989824613,163.82429560090304,-32.072382406379305,-27.072382406379305,-117.3
57.11067191666667,13.921963433333334,191.64567483830044,224.0180008040148,164.83173248807122,-31.18583536614518,-26.18583536614518,-117.8
57.11060978333333,13.921945983333334,198.0583756098267,229.5280378280684,165.64888447815918,-30.35690492947753,-25.35690492947753,-121.1
57.110550933333336,13.921933566666667,204.22569471346415,234.8704629816126,166.30769975053022,-29.596533760093457,-24.596533760093457,-123.6
57.11049928333333,13.921926299999999,209.70945950956275,239.65403691111266,166.79558551420587,-28.94901026253083,-23.94901026253083,-122.7
57.11044846666667,13.92192105,215.14417329085495,244.42384356074066,167.221501894085,-28.332362209287098,-23.332362209287098,-125.8
57.110398733333334,13.92190345,220.31386025221738,248.98633902130769,167.8091251672604,-27.767772695698984,-22.767772695698984,-127.7
57.11031075,13.921816133333333,228.8771557189008,256.59452918948597,169.61664965755926,-26.876898995900458,-21.876898995900458,-121.7
57.11023291666667,13.921548733333333,235.12796911114282,262.18535782596734,173.87066720917073,-26.25935239227585,-21.25935239227585,-113.9
57.11017293333333,13.921040799999998,240.51813105873165,267.02990725382284,181.32567711457764,-25.747647145878698,-20.747647145878698,-109.8
57.11011993333333,13.920625300000001,248.24674174818753,274.01176031074164,187.0928915778362,-25.04560398567609,-20.04560398567609,-107.4
57.1100734,13.920342233333335,256.0126198473865,281.0666496066768,190.74834052084444,-24.375406838356064,-19.375406838356064,-104.8
57.11002226666667,13.920049966666665,265.3892832690547,289.63334005957006,194.2648047143676,-23.60983843256312,-18.60983843256312,-102.7
57.10999533333333,13.919908916666666,270.4947077193748,294.3185126766408,195.85712546336777,-23.211777242972854,-18.211777242972854,-102.1
57.10996588333333,13.919768516666666,276.05655972926144,299.43818088138875,197.36419151661664,-22.792328232724895,-17.792328232724895,-101.6
57.10993906666667,13.9196311,281.4665314622847,304.43292912135723,198.7952852679382,-22.397888872253848,-17.397888872253848,-100.5
57.10990986666667,13.919497016666666,287.2249049262259,309.76466230007503,200.11566925993606,-21.992043514448977,-16.992043514448977,-100.3
57.1098795,13.919365233333334,293.1999851968843,315.31291016933193,201.3489980352887,-21.585455674732412,-16.585455674732412,-100.1
57.10984883333333,13.919234933333334,299.30195858483677,320.9948012238194,202.51425927966704,-21.18475994008819,-16.18475994008819,-99.6
57.109817183333334,13.919101833333334,305.6907101947049,326.95995213380957,203.6533357493879,-20.78017689913139,-15.78017689913139,-99.7
57.10978158333333,13.9189734,312.4765641829801,333.31307079621115,204.66473404984603,-20.366327810851317,-15.366327810851317,-100.7
57.1097435,13.918842583333333,319.666838915403,340.06306459562205,205.63470145873976,-19.944710710935205,-14.944710710935205,-99.9
57.10970565,13.918713533333333,326.8737832312922,346.84646482837013,206.54705349311263,-19.538605382505747,-14.538605382505747,-105.0
57.109668666666664,13.918586683333332,334.01331061193815,353.5829346361997,207.40721984345487,-19.15168214083398,-14.15168214083398,-98.0
57.10963085,13.918464466666668,341.1743872325282,360.3553281186378,208.18245376438415,-18.778139852535475,-13.778139852535475,-98.8
57.10958965,13.918340766666667,348.76796237999116,367.5528418917353,208.9086748867169,-18.3970921167007,-13.397092116700701,-99.8
57.10954711666667,13.918217133333334,356.5421016546504,374.9376884927882,209.5915124602205,-18.022156104992458,-13.022156104992458,-101.0
57.1095035,13.918094933333332,364.4252140356534,382.4418081550863,210.22382867484708,-17.656765965821545,-12.656765965821545,-103.3
57.109457633333335,13.91797265,372.568267611757,390.20906451699165,210.81024928464745,-17.294098917868407,-12.294098917868407,-104.9
57.109411,13.917856683333333,380.6230993671247,397.90695366107406,211.3158280333669,-16.949304017455994,-11.949304017455994,-101.7
57.10936313333333,13.917738116666667,388.9056239305441,405.83689374526534,211.80943116444382,-16.608415115598415,-11.608415115598415,-103.4
57.1093145,13.917627766666667,397.023186224603,413.6223040406982,212.215312660715,-16.287009800327606,-11.287009800327606,-107.4
57.10926598333333,13.917515900000001,405.1982973943679,421.4755748691668,212.61681126824624,-15.975336162925178,-10.975336162925178,-104.3
57.109214216666665,13.917401633333332,413.7745369795469,429.72708484878916,212.9919902211015,-15.660623243689495,-10.660623243689495,-101.1
57.10916145,13.91728995,422.37497433050004,438.01440494656174,213.325952677065,-15.356939131839587,-10.356939131839587,-103.1
57.10910966666667,13.917178799999999,430.88032212077644,446.2217520369262,213.65106888603742,-15.067714409661322,-10.067714409661322,-107.2
57.10905648333333,13.917072749999999,439.3562309127467,454.4115949685426,213.9189412199949,-14.78989124334356,-9.78989124334356,-107.1
57.10900073333333,13.916969616666668,447.97868505795697,462.75360859344596,214.137531684597,-14.517361483128207,-9.517361483128207,-103.8
57.10894441666667,13.916866766666667,456.64979204666423,471.1528760139979,214.34163348282098,-14.253032341036029,-9.253032341036029,-105.6
57.108884616666664,13.916764883333334,465.61254301878625,479.8448084708441,214.50519158781384,-13.989544344488962,-8.989544344488962,-105.9
57.10882685,13.916662633333335,474.4055862946601,488.3816748277726,214.68030163631582,-13.740164676088632,-8.740164676088632,-106.9
57.108768016666666,13.916564433333333,483.1605896426619,496.8904863084468,214.81720243306992,-13.500381800390606,-8.500381800390606,-106.6
57.1087092,13.91647085,491.75711086545505,505.25345727341585,214.92273125576955,-13.272801572617245,-8.272801572617245,-107.5
57.10864756666667,13.916376483333332,500.6389043126585,513.9020456384458,215.00849908741853,-13.045452707810613,-8.045452707810613,-107.9
57.10859008333333,13.916285783333333,509.0169192942044,522.067260156929,215.1007433578378,-12.837905976028285,-7.837905976028285,-107.5
57.10852945,13.916196833333334,517.6216694904314,530.4603592409723,215.15810130594684,-12.631396285849881,-7.631396285849881,-108.2
57.10846943333333,13.916108716666667,526.1418875446079,538.7775847499623,215.21341343696943,-12.433257388078692,-7.433257388078692,-107.8
57.10840856666667,13.91602355,534.6369538554105,547.0764776772918,215.24552938287823,-12.24170364501487,-7.241703645014869,-108.3
57.10834671666667,13.915940299999999,543.1546447549044,555.403428256278,215.26001453609052,-12.055389141035787,-7.055389141035787,-108.4
57.108281733333335,13.915860133333332,551.8494362249869,563.909390116742,215.23738404643203,-11.870877972057867,-6.870877972057867,-107.9
57.10821675,13.915780733333333,560.51762433314,572.3949748102852,215.21159095713767,-11.692391825811624,-6.692391825811624,-108.4
57.10815028333333,13.915706466666668,569.1422425351562,580.843259613079,215.15151308772343,-11.519980262635128,-6.519980262635128,-107.0
57.10808556666667,13.915631083333333,577.6470319389174,589.179169275222,215.1097983743068,-11.354807493616326,-6.354807493616326,-107.5
57.10802065,13.915555566666665,586.1749519187787,597.5425292453939,215.0686910849699,-11.193814081512642,-6.193814081512642,-109.4
57.107957883333334,13.91548405,594.368771446116,605.5825595823953,215.0229231434297,-11.04331795056636,-6.04331795056636,-107.7
57.10789663333333,13.9154148,602.3463180607068,613.4142864991736,214.9769280287301,-10.900585351002361,-5.900585351002361,-110.5
57.107837016666664,13.915348216666667,610.0831482815723,621.0132428677789,214.92950323586803,-10.765599160194993,-5.765599160194993,-108.6
57.10777641666667,13.915281066666667,617.9296589268454,628.7233599775401,214.8800728209124,-10.632032789565768,-5.632032789565768,-106.7
57.10771523333333,13.915212566666666,625.8764247398082,636.5353871114196,214.83461816367293,-10.500058518719975,-5.500058518719975,-106.3
57.1076529,13.915146683333335,633.8384891252389,644.365758165784,214.7719792541208,-10.371040114035143,-5.371040114035143,-106.5
57.1075922,13.9150779,641.7517447243554,652.1512875527842,214.73298100802677,-10.24588305458622,-5.245883054586219,-107.6
57.107532,13.9150124,649.5067527656269,659.7840721691827,214.6833442429453,-10.126095139131701,-5.126095139131701,-108.9
57.10747156666667,13.914946483333333,657.2978881771801,667.4552522845114,214.63539941845505,-10.008508575930245,-5.008508575930245,-115.3
57.10741285,13.914882433333334,664.8683410146701,674.9117800746997,214.58991852058804,-9.896813612177707,-4.8968136121777075,-112.4
57.10735236666667,13.9148157,672.6928966413075,682.6212223419901,214.54734452747402,-9.783934446608937,-4.783934446608937,-111.1
57.1072929,13.914748300000001,680.447463129244,690.2642610471905,214.51393598218726,-9.674553107681612,-4.6745531076816125,-109.2
57.10723316666667,13.914683066666667,688.1526535177412,697.8610710904488,214.4709036554731,-9.56824169617968,-4.56824169617968,-107.5
57.10717365,13.914617999999999,695.8326648488891,705.43539567469,214.42926322364417,-9.464556560596058,-4.464556560596058,-106.6
57.10711335,13.914551733333333,703.6258460214275,713.1236436897669,214.38939729938457,-9.361595372496708,-4.3615953724967085,-106.0
57.10705436666667,13.91448215,711.4115199477932,720.8067360356931,214.3703763717818,-9.260926922041403,-4.260926922041403,-106.4
57.10699493333333,13.9144164,719.1080208497046,728.4039714680167,214.33429110168873,-9.163499095560557,-4.163499095560557,-110.4
57.106934333333335,13.914350899999999,726.9034802344381,736.1009914250477,214.29222674751614,-9.066868905670676,-4.066868905670676,-111.2
57.10687478333333,13.914284666666667,734.6277409263204,743.7297343380247,214.25903542039293,-8.97309431208738,-3.9730943120873796,-112.5
57.10681455,13.914218716666666,742.4054557973218,751.4132423624361,214.22214610803695,-8.88059492845367,-3.88059492845367,-113.5
57.1067544,13.914153433333333,750.1531940077582,759.0690446066427,214.18387655833723,-8.79031408376747,-3.79031408376747,-112.0
57.10669371666667,13.914086183333334,758.0170025744153,766.8414283226365,214.151304443397,-8.70052430868369,-3.70052430868369,-108.4
57.106634783333334,13.914020866666668,765.6544710004285,774.3918704137757,214.12033561170233,-8.61504443768934,-3.61504443768934,-108.3
57.10657776666667,13.9139564,773.0868884021862,781.7412212614698,214.09568051999196,-8.533445019556439,-3.5334450195564386,-108.5
57.106517266666664,13.913890799999999,780.8786646612316,789.4475846584802,214.0597368051753,-8.4495316932257,-3.4495316932256994,-107.4
57.106456666666666,13.91382565,788.6647602547582,797.149988438622,214.02241598395338,-8.367300392921404,-3.367300392921404,-107.1
57.106395533333334,13.913759449999999,796.5358034101504,804.9380635267869,213.98722375266718,-8.28577168623735,-3.28577168623735,-107.7
57.10633438333333,13.913693766666666,804.3912602850717,812.7123104906225,213.950803873122,-8.205962495332214,-3.205962495332214,-107.9
57.10627336666667,13.913627666666667,812.2487730605608,820.4901396960151,213.91714584612768,-8.127645566545645,-3.1276455665456453,-109.1
57.10621123333333,13.913557200000001,820.3566556570049,828.5173760886042,213.89459004043132,-8.048374769623821,-3.0483747696238215,-110.8
57.10614835,13.913488366666666,828.4789603846089,836.5604507744567,213.86359873134927,-7.970488467613054,-2.9704884676130536,-111.5
57.10608608333333,13.91342085,836.5002820503345,844.5050158940971,213.83130052501562,-7.89502667508636,-2.89502667508636,-111.7
57.10602441666666,13.913355033333334,844.4093256990207,852.3397851370513,213.79634570757045,-7.821998622861432,-2.8219986228614324,-116.3
57.105961533333335,13.913286083333332,852.5363044478645,860.3918586328103,213.7675612523506,-7.74834386393705,-2.74834386393705,-115.4
57.1058997,13.9132184,860.5239234894402,868.3072168867767,213.73940272599827,-7.67728334516947,-2.67728334516947,-114.3
57.105839,13.913153733333333,868.305826262813,876.0199814627211,213.70637735089082,-7.609288012782942,-2.609288012782942,-113.1
57.105778283333336,13.913087350000001,876.1470328831538,883.7927490254456,213.67951459443933,-7.541974977679048,-2.5419749776790477,-110.2
57.10571838333333,13.913021066666666,883.9094916772848,891.4886367628003,213.6560647910961,-7.476494207638582,-2.4764942076385816,-109.1
57.10565858333333,13.912956216666666,891.6149103148958,899.1291054658612,213.62878829215595,-7.412603296367258,-2.4126032963672577,-108.7
57.10559993333333,13.912890333333333,899.2485529278586,906.6994871195459,213.60980005137142,-7.350369383968989,-2.3503693839689888,-109.3
57.10553818333333,13.912824683333334,907.1616887491207,914.5481559404931,213.57834782111928,-7.286944543735322,-2.2869445437353217,-107.8
57.105477916666665,13.912759216666666,914.931507610474,922.2557474032758,213.5525695312095,-7.225718859169296,-2.2257188591692962,-107.9
57.10542015,13.912692616666668,922.5075761536762,929.77213770952,213.5403045426364,-7.166997419464181,-2.166997419464181,-108.8
57.1053622,13.91262555,930.1162484585128,937.3218420833572,213.5289939348182,-7.108971195366953,-2.108971195366953,-107.6
57.10530191666667,13.912560716666666,937.8668632439956,945.0133613717488,213.50224681499094,-7.050815779944781,-2.050815779944781,-108.8
57.1052442,13.912494183333333,945.436253320457,952.5259624244493,213.49066730718906,-6.99492671982148,-1.9949267198214802,-109.9
57.10518438333333,13.912428400000001,953.1755027293456,960.2080706822561,213.4692600278059,-6.9386877495402235,-1.9386877495402235,-112.1
57.105124833333335,13.912363583333333,960.8579741365006,967.8347206324539,213.44626798374364,-6.883744405234971,-1.883744405234971,-111.9
57.1050644,13.912298266666665,968.639216241098,975.5603165566795,213.4219326174388,-6.82897042613111,-1.82897042613111,-115.6
57.105003833333335,13.912233816666665,976.4042105350238,983.2706556948209,213.3949427965067,-6.775168896659662,-1.775168896659662,-116.7
57.104945,13.912169183333333,984.0145378400823,990.8282447935317,213.37508939154617,-6.723251541528973,-1.723251541528973,-117.7
57.10488655,13.912105816666667,991.5473289249005,998.3096240636493,213.35320304959882,-6.6726372729988785,-1.6726372729988785,-119.2
57.10482773333333,13.912041366666667,999.1502759902236,1005.8614586568768,213.33349777834377,-6.6223151194423995,-1.6223151194423995,-118.2
57.10476941666667,13.911977466666666,1006.6886390458,1013.3498981022719,213.31424851390187,-6.57316097642726,-1.5731609764272596,-118.2
57.1047112,13.911913516666667,1014.2194798816134,1020.8315989287021,213.2957734391923,-6.52477599159939,-1.5247759915993901,-115.6
57.10465318333333,13.91184765,1021.7953377815865,1028.3587468934109,213.28368213011615,-6.476812174168056,-1.4768121741680558,-114.9
57.10459238333333,13.911781783333334,1029.6300412370426,1036.1438229405192,213.2623231161232,-6.427942600685939,-1.427942600685939,-115.9
57.10453173333333,13.911714333333332,1037.5033460926409,1043.9680038935226,213.24620909902941,-6.379566538895107,-1.3795665388951068,-115.3
57.104470766666665,13.911647333333333,1045.3913035233038,1051.8074811875756,213.22803517216627,-6.331822210768361,-1.3318222107683608,-114.0
57.104410466666664,13.911580116666666,1053.2245071043635,1059.5932532652469,213.21293806469393,-6.285108470286388,-1.2851084702863877,-114.2
57.10434896666667,13.911514,1061.133094855473,1067.4546571154929,213.19111884752604,-6.238636510639007,-1.2386365106390071,-115.0
57.10428828333333,13.911445283333334,1069.0517228283368,1075.326734570584,213.17933012288597,-6.192786364089401,-1.1927863640894012,-114.4
57.104225766666666,13.911377033333334,1077.1256520735294,1083.3538989429196,213.160529218937,-6.146723088925919,-1.1467230889259188,-113.3
57.104164716666666,13.911309999999999,1085.0229706697562,1091.2061431649945,213.14346695454876,-6.102323068390337,-1.1023230683903371,-113.0
57.1041026,13.911242566666665,1093.0329267493426,1099.1710417210934,213.1243155687083,-6.057937813378451,-1.0579378133784507,-113.0
57.10404235,13.911173583333333,1100.92025305837,1107.014635672946,213.11542347158027,-6.014856212764936,-1.0148562127649363,-113.2
57.10397986666667,13.911105099999999,1108.999171127935,1115.049398709513,213.09834546346397,-5.971356499252601,-0.9713564992526011,-114.0
57.103920433333336,13.911039833333332,1116.6879863809054,1122.6967796014387,213.0826587751832,-5.930535512418992,-0.9305355124189916,-113.7
57.10385841666667,13.910970966666667,1124.7362361746834,1130.7022600863559,213.06848724312698,-5.888397759644308,-0.8883977596443078,-113.3
57.10379916666667,13.910904433333334,1132.4498429202981,1138.3754419040354,213.05702928356146,-5.848568303885666,-0.8485683038856662,-113.7
57.1037373,13.91083945,1140.3564064522961,1146.241132457213,213.03381425328274,-5.808295959197901,-0.8082959591979009,-113.4
57.103675583333334,13.910772883333333,1148.3012561307244,1154.1454738599462,213.01537416809856,-5.768381541338595,-0.768381541338595,-113.9
57.10361688333333,13.91070515,1156.0032556193598,1161.8087308169788,213.00916940848458,-5.7302056706745255,-0.7302056706745255,-113.8
57.10355663333333,13.910637883333333,1163.834486914807,1169.6010913692976,212.9972632205733,-5.691902184369634,-0.691902184369634,-113.8
57.10349718333333,13.910574083333334,1171.4771995555666,1177.206366393995,212.97929499134347,-5.655009707346627,-0.6550097073466272,-114.1
57.10343603333333,13.910507966666668,1179.3547530285234,1185.0458360295477,212.96226853746333,-5.6174792149970925,-0.6174792149970925,-114.2
57.10337843333333,13.910442816666666,1186.8693866059193,1192.5246080741106,212.95346432793178,-5.582137635137583,-0.5821376351375829,-113.9
57.1033207,13.91037845,1194.3707743611005,1199.99064440017,212.94248011955727,-5.547297722775534,-0.547297722775534,-114.6
57.103261933333336,13.910314383333334,1201.9588132711276,1207.5433693247367,212.92793176415768,-5.5124936875225075,-0.5124936875225075,-114.7
57.10320348333333,13.910249666666665,1209.53869556782,1215.088414921278,212.9160338586438,-5.478159048031805,-0.478159048031805,-115.0
57.10314475,13.910183166666666,1217.2035817622332,1222.718511945742,212.90773613547563,-5.443870271365396,-0.44387027136539636,-115.2
57.103088283333335,13.910118333333333,1224.6021962916248,1230.083956143755,212.9019919562886,-5.411176139896918,-0.41117613989691826,-118.5
57.103028566666666,13.910053766666666,1232.2955687490182,1237.7432563978955,212.88656499332313,-5.377592166135906,-0.37759216613590585,-125.9
57.10297153333333,13.909988016666667,1239.7772039785239,1245.1921600720132,212.8815865322073,-5.34532875902373,-0.3453287590237304,-131.2
57.1029121,13.909921983333334,1247.4922953414632,1252.8739070378601,212.87067671603089,-5.31246040343964,-0.31246040343963966,-127.7
57.10285175,13.90985695,1255.2603083859137,1260.608758421541,212.85506204530435,-5.279771307729598,-0.2797713077295976,-121.5
57.102792083333334,13.909793616666667,1262.9089086636668,1268.2251028827864,212.83759497516462,-5.247974322624362,-0.24797432262436203,-118.8
57.10273313333333,13.909727299999998,1270.588297726698,1275.8724945385525,212.82911456119908,-5.216431271901425,-0.21643127190142497,-122.3
57.10267365,13.909661066666667,1278.3148339999848,1283.567222557669,212.8191066888664,-5.185073904257376,-0.1850739042573757,-124.9
57.10261396666667,13.9095956,1286.0350250699769,1291.256010908269,212.80694894805185,-5.15411556057576,-0.15411556057576004,-130.2
57.102553033333336,13.909528616666668,1293.921729264301,1299.1110196831983,212.79501404986482,-5.122867895403888,-0.1228678954038882,-124.0
57.10249041666667,13.9094631,1301.9179383850153,1307.0754830110955,212.77548756602593,-5.091569804225456,-0.0915698042254558,-118.8
57.10242875,13.90939515,1309.9049598402041,1315.031179787752,212.76410587482812,-5.060686143352398,-0.06068614335239797,-119.8
57.10236691666667,13.909326416666666,1317.9332124531204,1323.0283264114196,212.75415687426963,-5.03001736485734,-0.030017364857339857,-117.4
57.10230345,13.909257016666666,1326.1360568231737,1331.1997750925725,212.7415491157935,-4.9990622274297465,0.0009377725702535145,-116.2
57.10224028333333,13.909186983333333,1334.3315790664956,1339.3643129836212,212.7312530652982,-4.968511938855401,0.03148806114459912,-115.1
57.102178366666664,13.909117049999999,1342.4069358450313,1347.4095076868227,212.7240723481915,-4.938771728940122,0.06122827105987838,-115.2
57.102117283333335,13.90905115,1350.2727330109185,1355.2462704293914,212.71040525210617,-4.910142770076649,0.08985722992335088,-115.1
57.10205618333333,13.908983616666665,1358.1934449304347,1363.138083193336,212.7003571555779,-4.881646580880296,0.1183534191197042,-114.7
57.101994166666664,13.908916966666668,1366.171193104868,1371.0870610101965,212.6862347668112,-4.853276793628179,0.14672320637182068,-115.4
57.1019309,13.908851033333333,1374.2426871611683,1379.129784761372,212.66763023069876,-4.82490646278847,0.17509353721152987,-114.8
57.1018696,13.908783099999999,1382.1953429968203,1387.0544207788307,212.65834908123418,-4.797275616445107,0.20272438355489264,-115.3
57.10180858333333,13.908716383333333,1390.0818778791358,1394.9134837716583,212.64732461842402,-4.770184550517359,0.22981544948264077,-115.2
57.10174715,13.9086489,1398.032452527694,1402.8366755686845,212.63699956206918,-4.7431807573169245,0.25681924268307554,-114.5
57.101684883333334,13.908581333333332,1406.0638390364913,1410.840713704434,212.62492932588663,-4.71621043920246,0.2837895607975396,-113.8
57.10162305,13.908512233333333,1414.1046000006431,1418.854403997457,212.61720961111953,-4.6895134692637015,0.3104865307362985,-113.2
57.1015599,13.9084417,1422.3153709100868,1427.0378461439268,212.6093381605698,-4.662561453686671,0.33743854631332937,-113.6
57.10149585,13.90837145,1430.601274283364,1435.2964871346915,212.59882135336898,-4.635674389188444,0.364325610811556,-113.7
57.10143241666667,13.908299966666668,1438.8695590630339,1443.5378789620484,212.5923958937254,-4.609151168604537,0.3908488313954628,-114.4
57.101368183333335,13.908231783333333,1447.105535803463,1451.7473718774309,212.57749832241566,-4.583030967567622,0.4169690324323776,-114.0
57.101305366666665,13.908162033333333,1455.2597551076144,1459.8756641700259,212.56924713718192,-4.557459473344621,0.442540526655379,-113.5
57.10123905,13.908092683333333,1463.7290780327567,1468.318362576258,212.55209487430488,-4.531199563540134,0.46880043645986635,-113.3
57.10117408333333,13.90801895,1472.2143335435346,1476.7772492461527,212.5469687738885,-4.505191361045137,0.49480863895486316,-113.4
57.1011097,13.907948716666668,1480.5312508973734,1485.068612853878,212.53635482763082,-4.47998666241026,0.5200133375897398,-113.3
57.10104395,13.90787585,1489.0618587009894,1493.573305545478,212.52787742688076,-4.454425090959794,0.545574909040206,-113.9
57.100979466666665,13.90780125,1497.52999538922,1502.016007601263,212.5257710574694,-4.429337012973729,0.5706629870262709,-114.2
57.100913066666664,13.907728816666665,1506.1075421431372,1510.5680813854242,212.51513323562358,-4.404210694238102,0.5957893057618984,-114.8
57.10084821666667,13.907655683333333,1514.5624906918765,1518.9982021749665,212.5094680698491,-4.3797203978899635,0.6202796021100365,-115.2
57.10078336666667,13.907582366666666,1523.0234063971998,1527.4345473485043,212.50421773839494,-4.355483438576347,0.6445165614236528,-116.1
57.1007195,13.90750985,1531.3661563748055,1535.753334650505,212.49969845818018,-4.331845707564385,0.6681542924356147,-116.0
57.100654383333335,13.907438766666667,1539.7796813947064,1544.1429555698473,212.48973375351122,-4.308265389817847,0.6917346101821531,-115.1
57.100588,13.90736695,1548.3358652448574,1552.675095312455,212.47846273354557,-4.284546593243995,0.715453406756005,-114.7
57.100524033333336,13.907297633333334,1556.5843340573501,1560.90063393951,212.46793452448335,-4.261926305477429,0.738073694522571,-114.8
57.1004585,13.907224783333334,1565.094365139973,1569.3872599817087,212.46068924231415,-4.2388372376275205,0.7611627623724795,-116.0
57.10039201666667,13.907151816666667,1573.697355590426,1577.9668459737359,212.4516762440064,-4.215748399590631,0.7842516004093687,-115.3
57.10032835,13.907079750000001,1582.0068905596966,1586.2540155278914,212.44718333130618,-4.193684272850126,0.8063157271498742,-116.4
57.10026293333333,13.907008833333332,1590.4434413664424,1594.6680971868511,212.4368665358852,-4.171517497578456,0.8284825024215436,-117.1
57.1001963,13.906933400000002,1599.1404947376354,1603.3422348050742,212.43231201977062,-4.14890980549362,0.85109019450638,-117.6
57.10012916666667,13.90686365,1607.7005195668758,1611.879946092637,212.41641811405398,-4.12689591854713,0.8731040814528699,-119.0
57.10006346666667,13.906792033333334,1616.1864880120888,1620.3440264440294,212.4070947873207,-4.105301469906557,0.8946985300934429,-125.0
57.099996966666666,13.906719016666667,1624.792913644424,1628.9284859161671,212.3987072303864,-4.083629708941036,0.9163702910589642,-132.6
57.099931133333335,13.9066504,1633.1944713521423,1637.3088228111408,212.38392758316456,-4.06269302842815,0.9373069715718501,-119.2
57.099863033333335,13.906575833333333,1642.0013898933278,1646.0937289266428,212.37518561834676,-4.040975047422712,0.9590249525772876,-117.3
57.099796,13.906501850000001,1650.6893018410963,1654.7601551924815,212.36770760326533,-4.019776484194797,0.9802235158052026,-118.6
57.0997293,13.906425250000002,1659.4305027926453,1663.4799648924693,212.36560319720692,-3.99867081600058,1.0013291839994198,-117.7
57.09966311666667,13.906350283333333,1668.0703888734165,1672.0989271679805,212.3617147955547,-3.9780260908918024,1.0219739091081976,-117.4
57.0995949,13.906275216666668,1676.9045373251554,1680.9119034921769,212.35390823987848,-3.9571360926539785,1.0428639073460215,-116.9
57.09952801666667,13.90620215,1685.5488408948972,1689.5357039856044,212.34541002036906,-3.9369059794010894,1.0630940205989106,-116.9
57.09946185,13.90612625,1694.217361273994,1698.183873213444,212.34333063384037,-3.9168255258041658,1.0831744741958342,-116.6
57.0993935,13.906051866666667,1703.0420567826445,1706.9880629841734,212.33430088157291,-3.8965922983604813,1.1034077016395187,-116.3
57.09932665,13.905979183333333,1711.6709494511267,1715.5971086461184,212.32544440216967,-3.8770088166216086,1.1229911833783914,-116.4
57.099257533333336,13.9059001,1720.7195095787054,1724.6250695860767,212.32307155842224,-3.85668290153674,1.14331709846326,-117.3
57.09918855,13.905822516666666,1729.7071255856995,1733.5924377724837,212.3184501522615,-3.83670345557855,1.16329654442145,-118.5
57.09911975,13.905747483333332,1738.5952278513537,1742.4607215967596,212.30994581969307,-3.8171474716319858,1.1828525283680142,-125.3
57.0990503,13.9056727,1747.536407875439,1751.3821675608647,212.29984417085294,-3.7976745306021233,1.2023254693978767,-128.0
57.0989817,13.905599016666667,1756.362256012325,1760.1887325922478,212.28965993636515,-3.7786463651076816,1.2213536348923184,-123.0
57.0989141,13.90552275,1765.1774502051665,1768.984858813894,212.28578747566274,-3.7598302846661533,1.2401697153338467,-133.0
57.098846433333335,13.905447566666668,1773.9639916808344,1777.7525822735288,212.28003924527673,-3.741260658587172,1.258739341412828,-120.3
57.098779283333336,13.905375416666667,1782.604182338889,1786.3744486786914,212.2703541584679,-3.7231780892772646,1.2768219107227354,-122.2
57.09871261666667,13.905302816666667,1791.2134771802753,1794.9656600704795,212.26241560502325,-3.7053329653888207,1.2946670346111793,-117.6
57.09864613333333,13.905229383333333,1799.8324211449954,1803.5666730688542,212.25625497048043,-3.6876381376262346,1.3123618623737654,-119.3
57.09857975,13.905158133333334,1808.3716434568353,1812.0882983063423,212.24680730129515,-3.6702726336835987,1.3297273663164013,-120.6
57.09851328333333,13.905086316666665,1816.937008915069,1820.6361784731287,212.2382061888748,-3.653017274593178,1.3469827254068218,-128.9
57.09844818333333,13.905011816666667,1825.4602670978904,1829.1421997081313,212.2365329933922,-3.6360068311918394,1.3639931688081606,-122.5
57.09838255,13.904942366666667,1833.8710887056686,1837.5361683489427,212.22582568166544,-3.619375167902991,1.3806248320970091,-120.9
57.09831965,13.9048727,1842.0317787557206,1845.6806532945952,212.22059893263267,-3.60338271595134,1.3966172840486601,-119.8
57.09825658333333,13.904802733333334,1850.2178261018078,1853.850588376771,212.2155877239205,-3.5874817469713602,1.4125182530286398,-128.0
57.09819411666667,13.9047357,1858.2530325244443,1861.8701170829004,212.20709434605456,-3.5720094941119895,1.4279905058880105,-124.5
57.098132316666664,13.90467025,1866.1746046714009,1869.7763650020981,212.19740179308337,-3.556885971454636,1.4431140285453639,-121.5
57.09807021666666,13.904600833333335,1874.2520591789716,1877.8383267301301,212.19344813044376,-3.541595978581059,1.458404021418941,-120.6
57.098007966666664,13.904530833333332,1882.3624069310079,1885.9332520073708,212.19016623720356,-3.5263752449327086,1.4736247550672914,-122.2
57.09794468333333,13.904462983333334,1890.5008809917435,1894.0563827485596,212.18172723963758,-3.5112325075902575,1.4887674924097425,-121.5
57.09788105,13.904393683333332,1898.7189654854683,1902.259106928971,212.1749733050936,-3.4960728757676613,1.5039271242323387,-123.0
57.09781636666666,13.904322533333334,1907.0953969141872,1910.6200179343043,212.16925344824108,-3.4807551013703812,1.5192448986296188,-125.0
57.09775201666667,13.904249483333333,1915.5015424179107,1919.01072404648,212.1670804247623,-3.4655171773258195,1.5344828226741805,-125.4
57.097691383333334,13.904179716666667,1923.4522605538107,1926.9469631075901,212.1664762818513,-3.4512269275292997,1.5487730724707003,-125.1
57.097628433333334,13.904107016666668,1931.7153672791837,1935.1951478294254,212.16626081002659,-3.4364994129718838,1.5635005870281162,-130.2
57.09756396666667,13.904039516666668,1939.9541453551997,1943.4191740540236,212.1555430467439,-3.421939721193133,1.5780602788068672,-126.0
57.0975005,13.903973500000001,1948.0511787512146,1951.5018306509469,212.14442414070245,-3.4077500899144257,1.5922499100855743,-137.2
57.097438516666664,13.903910383333335,1955.9154627124897,1959.3522647236796,212.13162066149883,-3.394080410609292,1.605919589390708,-135.0
57.09737786666667,13.903841766666666,1963.8308518193546,1967.2538256558385,212.12942932012345,-3.3804320662093494,1.6195679337906506,-131.1
57.09731501666667,13.90377735,1971.8186207045399,1975.2277521736964,212.1172335568013,-3.3667696176737123,1.6332303823262877,-140.0
57.09725291666667,13.903709666666666,1979.8406648257373,1983.2360066561967,212.11125651562332,-3.353159117216756,1.646840882783244,-129.6
57.09719116666667,13.903640066666666,1987.8912709423412,1991.27288564093,212.10875102487844,-3.3396102175804026,1.6603897824195974,-114.5
57.097129366666664,13.903572333333333,1995.8866951090945,1999.254786092434,212.1034391679513,-3.3262620020784937,1.6737379979215063,-120.0
57.09706745,13.903502316666668,2003.9663913052675,2007.3209253831476,212.1013141505904,-3.3128809364573435,1.6871190635426565,-126.9
57.09700863333333,13.9034322,2011.7572546954518,2015.0988193683656,212.10456700918843,-3.3000796665663223,1.6999203334336777,-125.2
57.096948266666665,13.903365983333334,2019.5690055250373,2022.8976662395426,212.09953532329632,-3.2873429130169476,1.7126570869830524,-133.8
57.096887833333334,13.903300333333334,2027.3688781629635,2030.684753511424,212.09361188189936,-3.2747231350222767,1.7252768649777233,-117.9
57.096828433333336,13.903233916666666,2035.0960038103128,2038.3993094398127,212.09055672868985,-3.2623161337274578,1.7376838662725422,-117.6
57.0967663,13.90316675,2043.1047435090106,2046.3951214144888,212.08407578253144,-3.2495556820186,1.7504443179814002,-119.3
57.096704233333334,13.9030987,2051.1355552765563,2054.413070957169,212.07901885777113,-3.2368598019691683,1.7631401980308317,-118.6
57.096642216666666,13.90302915,2059.209768836886,2062.4744536777325,212.07622045038016,-3.224194821924852,1.775805178075148,-116.7
57.0965806,13.902957016666667,2067.329126106061,2070.5810091968024,212.07776382936507,-3.2115584769875363,1.7884415230124637,-116.7
57.09651803333333,13.902888266666668,2075.4295312310123,2078.6687420331746,212.07296615500405,-3.1990498439195916,1.8009501560804084,-114.8
57.09645596666667,13.902819416666667,2083.486038484984,2086.7127431828876,212.06915836580777,-3.1867051742305064,1.8132948257694936,-114.4
57.09639403333333,13.9027514,2091.5032810706575,2094.717636038167,212.06442704243523,-3.1745147872555632,1.8254852127444368,-112.2
57.09632895,13.90268365,2099.8089020492903,2103.0105622952647,212.0542887844074,-3.1619837855096216,1.8380162144903784,-109.3
57.096265216666666,13.902615983333334,2107.9846608558887,2111.17392234835,212.04627868191292,-3.1497448617589887,1.8502551382410113,-109.3
57.096200933333336,13.9025448,2116.3249591946783,2119.5016708911453,212.04232877844598,-3.1373567693889832,1.8626432306110168,-106.2
57.09613628333334,13.902472433333333,2124.7377415662204,2127.901893987578,212.03946150868893,-3.1249592466074914,1.8750407533925086,-106.2
57.0960712,13.902399116666667,2133.2218137763844,2136.3734005953656,212.03723783753466,-3.112555404820259,1.887444595179741,-103.8
57.0960067,13.9023301,2141.513190025852,2144.6525926253653,212.03006022019554,-3.1005279666188907,1.8994720333811093,-103.8
57.095941866666664,13.902258516666667,2149.9182115894528,2153.045358677794,212.0259185194687,-3.088430085133578,1.9115699148664218,-101.1
57.0958766,13.90218845,2158.315554926012,2161.4305528134782,212.01906918015828,-3.076437078617576,1.9235629213824241,-101.1
57.095812116666664,13.902116133333333,2166.711083483322,2169.8140287336773,212.01654177538956,-3.0645393277969437,1.9354606722030563,-101.1
57.09574655,13.902042066666667,2175.2647937347133,2178.3555547388783,212.01471430147666,-3.0525115920078325,1.9474884079921675,-99.0
57.0956813,13.901969133333333,2183.7523738492864,2186.8311389525243,212.01186778426987,-3.0406697164045933,1.9593302835954067,-99.0
57.09561555,13.901898,2192.229513368471,2195.2963898489343,212.00586373003316,-3.028933677429678,1.971066322570322,-100.9
57.09555086666666,13.901826833333333,2200.6071454067596,2203.6623626171245,212.0015865036946,-3.0174239857874587,1.9825760142125413,-100.9
57.09548758333333,13.901760766666666,2208.6895905051033,2211.7336429158013,211.99270228108463,-3.00640236386376,1.99359763613624,-101.3
57.095423116666666,13.901688583333334,2217.079349789114,2220.11189881531,211.99018330799026,-2.995046440936131,2.004953559063869,-101.3
57.09535855,13.901615533333334,2225.506270520411,2228.527352339582,211.98867549668083,-2.983726173164783,2.016273826835217,-101.3
57.095293983333335,13.901544233333334,2233.8772265676344,2236.887002818315,211.9848793958698,-2.9725654156877743,2.0274345843122257,-101.1
57.09522823333333,13.901473633333334,2242.3374436786585,2245.3358794005276,211.97841551536672,-2.9613700890197516,2.0386299109802484,-101.1
57.09516488333333,13.90140485,2250.5131874466306,2253.5007448126557,211.97322606137752,-2.950630964600092,2.049369035399908,-100.4
57.09510045,13.9013343,2258.847639623769,2261.8241883563524,211.9687543587027,-2.93976317722297,2.06023682277703,-100.4
57.0950369,13.901266183333332,2267.0209878494356,2269.9868192017834,211.96247723054168,-2.9291828658994588,2.0708171341005412,-114.2
57.09497208333333,13.901195366666666,2275.4001740096946,2278.355097846547,211.95785444941893,-2.918414799743126,2.081585200256874,-113.6
57.09490796666667,13.9011233,2283.7532688993774,2286.697398697211,211.95590659269527,-2.907758708550111,2.092241291449889,-112.3
57.09484515,13.901052550000001,2291.941624958004,2294.8752498153654,211.954197576425,-2.8973879729243426,2.1026120270756574,-110.2
57.0947811,13.900983916666666,2300.1787433396335,2303.101876016668,211.94799124686813,-2.887029787041484,2.112970212958516,-112.7
57.094717683333336,13.900912866666665,2308.433323690071,2311.3460169180184,211.94582915609828,-2.8767236121399153,2.1232763878600847,-111.9
57.094652616666664,13.900846466666668,2316.695107497791,2319.597426516981,211.93538717690515,-2.866481798570182,2.133518201429818,-109.9
57.094588783333336,13.900775000000001,2325.0023483659734,2327.894310295743,211.93320878816436,-2.856256840168057,2.143743159831943,-109.9
57.09452625,13.9007083,2333.034681181933,2335.9166987711023,211.92692047049567,-2.8464393221147315,2.1535606778852685,-113.9
57.09446308333333,13.900637633333334,2341.2534712330803,2344.1253841381754,211.9247429532605,-2.8364634626757694,2.1635365373242306,-113.7
57.09440033333333,13.900566366666668,2349.4520933977938,2352.313996721372,211.9239285385571,-2.826581450933834,2.173418549066166,-111.1
57.09433801666667,13.900496916666667,2357.551815850839,2360.4038985778657,211.9214749774583,-2.81688597472036,2.18311402527964,-112.0
57.09427345,13.900426133333333,2365.906510707247,2368.7485340168428,211.91749259282915,-2.806954678528481,2.193045321471519,-106.9
57.0942088,13.900354783333334,2374.287175253519,2377.119178874575,211.91412177262697,-2.797062563297423,2.202937436702577,-106.9
57.0941455,13.900282616666667,2382.56646856283,2385.388642783384,211.91368954098365,-2.787358272789764,2.212641727210236,-109.8
57.094080633333334,13.90021125,2390.968137630634,2393.780406629836,211.91007172505456,-2.7775790860387994,2.2224209139612006,-107.5
57.09401593333333,13.900143533333333,2399.237612886145,2402.040200139791,211.9022426355635,-2.768020492458096,2.231979507541904,-99.9
57.09395085,13.900072283333333,2407.656055742966,2410.4488550383676,211.8982453046814,-2.758356998052764,2.241643001947236,-101.4
57.0938856,13.90000325,2416.0195412311896,2418.8026838936175,211.89134745989404,-2.7488231205299805,2.2511768794700195,-102.0
57.09382346666667,13.899930116666667,2424.2195318752997,2426.9932712567825,211.89379327274628,-2.7395393378367734,2.2604606621632266,-101.6
57.09375961666667,13.899860533333333,2432.468386134085,2435.232730057183,211.8895590245016,-2.730263242369185,2.269736757630815,-101.7
57.0936959,13.899789016666666,2440.766328478207,2443.5212849969175,211.88786583390174,-2.7209950628358173,2.2790049371641827,-101.1
57.09363271666667,13.89972135,2448.8911268127144,2451.636953339961,211.88229581659857,-2.7119809927937113,2.2880190072062887,-103.7
57.09356881666667,13.899651483333335,2457.1537854159383,2459.890388855543,211.87841424327104,-2.702874974511021,2.297125025488979,-103.3
57.09350565,13.899582816666667,2465.308938891419,2468.0364997661472,211.8741282884528,-2.693947154457046,2.306052845542954,-100.3
57.09344213333333,13.899509366666667,2473.64966666487,2476.368040778919,211.87508029960938,-2.6848769348644574,2.3151230651355426,-102.5
57.09337875,13.899439916666667,2481.8502756234825,2484.5596774101355,211.87146885877698,-2.676018395823839,2.323981604176161,-103.0
57.09331585,13.899369033333333,2490.0509390456696,2492.751427447635,211.8702264748613,-2.6672180202958056,2.3327819797041944,-104.6
57.093253133333334,13.899298433333334,2498.225259132406,2500.916920924639,211.86890586749175,-2.6585032885290247,2.3414967114709753,-107.8
57.0931911,13.899229283333334,2506.288819644188,2508.971830745307,211.8668098483486,-2.6499622157535616,2.3500377842464384,-106.9
57.093130583333334,13.899160016666666,2514.212848891381,2516.8874129627875,211.86689187416795,-2.6416221952406844,2.3583778047593156,-103.8
57.093069883333335,13.899091916666666,2522.117009992993,2524.7832010087513,211.865369306339,-2.6333551840444267,2.3666448159555733,-101.4
57.093008383333334,13.899024016666667,2530.090368299879,2532.748165879075,211.86256124835057,-2.6250680225417797,2.3749319774582203,-97.7
57.09294871666667,13.898959583333333,2537.7800745418735,2540.429827163458,211.8581826765349,-2.617124901881066,2.382875098118934,-96.2
57.092889033333336,13.898894966666667,2545.477215360105,2548.1189638471424,211.85402062721565,-2.6092220625634392,2.3907779374365608,-97.8
57.09283068333333,13.89883025,2553.051598001667,2555.6855170499493,211.8517539958967,-2.6014916841808486,2.3985083158191514,-100.9
57.09276943333333,13.898766349999999,2560.873946707556,2563.4998285401803,211.8447581492182,-2.593556133117913,2.406443866882087,-105.4
57.092709633333335,13.89870255,2568.556150902333,2571.174187086166,211.8395869287485,-2.58580970174999,2.41419029825001,-105.8
57.09265271666667,13.898639283333333,2575.9489580358777,2578.559488242636,211.83759736621496,-2.5783986244255135,2.4216013755744865,-107.8
57.09259435,13.898573916666667,2583.545659105734,2586.1485210026285,211.8361250259288,-2.570827244444714,2.429172755555286,-107.6
57.09253641666667,13.898506849999999,2591.155563979175,2593.75078925101,211.83715295093265,-2.5632871264509363,2.4367128735490637,-108.2
57.092476266666665,13.898441066666667,2598.9340451302955,2601.521510758141,211.8338578753005,-2.555625521427521,2.444374478572479,-109.9
57.0924154,13.8983751,2606.786095917489,2609.3657754076457,211.82986633176927,-2.5479377344685883,2.4520622655314117,-111.1
57.09235581666667,13.898308733333332,2614.529629597634,2617.101676290767,211.82799727465977,-2.540401328982375,2.459598671017625,-110.5
57.09229378333333,13.898244833333333,2622.42616158459,2624.9904710233304,211.82023564556366,-2.5327617628451202,2.4672382371548798,-110.9
57.09223228333333,13.898178116666665,2630.3619937039102,2632.9185741154265,211.8163517980094,-2.525130297519998,2.474869702480002,-110.7
57.09216996666667,13.898110083333334,2638.4169319853117,2640.965714845004,211.81292078474985,-2.5174311498665114,2.4825688501334886,-110.0
57.09210551666666,13.898041333333333,2646.6963225034765,2649.237139924138,211.80760229851,-2.509566210250678,2.490433789749322,-109.6
57.09203993333333,13.897973316666667,2655.0595321707233,2657.5923538742018,211.80007225814458,-2.5016713507180377,2.4983286492819623,-109.1
57.09197695,13.89790095,2663.315410146846,2665.840387931292,211.80067091807956,-2.4939263514795025,2.5060736485204975,-110.5
57.091913516666665,13.897832733333333,2671.4817944852343,2673.9990610069494,211.79613022841212,-2.4863123133970015,2.5136876866029985,-111.2
57.091850666666666,13.897762766666666,2679.6487243320466,2682.1583260155176,211.7942695346367,-2.478744092715673,2.521255907284327,-110.2
57.091786033333335,13.89769435,2687.9349433148677,2690.4368157407266,211.78849791082678,-2.471112242790355,2.528887757209645,-109.5
57.0917223,13.897622766666666,2696.2368183762865,2698.7309945172155,211.7873379589469,-2.463512928225111,2.536487071774889,-109.4
57.09165668333333,13.89755395,2704.628765331258,2707.115209638719,211.7808395495229,-2.4558784911977516,2.5441215088022484,-110.0
57.09159151666667,13.897484083333334,2713.0115879723367,2715.490356541923,211.77607689269712,-2.4482994215701925,2.5517005784298075,-109.0
57.09152495,13.897415833333334,2721.475417768512,2723.9464843345027,211.76787074552186,-2.4406943954787184,2.5593056045212816,-108.6
57.09145783333334,13.897340633333332,2730.2122122177334,2732.675378405355,211.76653408626254,-2.432893470050461,2.567106529949539,-107.8
57.09139085,13.897266333333333,2738.907797937986,2741.3631509899424,211.76440224365658,-2.4251786669013176,2.5748213330986824,-105.7
57.091325,13.897192416666666,2747.4840375678655,2749.9317330963363,211.76325613553234,-2.4176174961322707,2.5823825038677293,-104.3
57.09125785,13.897122416666667,2756.0587462982826,2758.498833251024,211.75635326144197,-2.410104636368519,2.589895363631481,-102.9
57.09118986666667,13.8970498,2764.7954488940995,2767.2278320054397,211.75126996348268,-2.4024976882631135,2.5975023117368865,-101.6
57.09112056666667,13.896977433333332,2773.6487665196846,2776.073392404489,211.74436327973643,-2.394838005064835,2.605161994935165,-99.4
57.09105278333333,13.89690635,2782.3179104369624,2784.7349882418443,211.73796855628052,-2.387384818016804,2.612615181983196,-98.4
57.09098576666667,13.896834933333334,2790.9251566393486,2793.3347865879546,211.73288549993345,-2.3800305748227606,2.6199694251772394,-98.8
57.0909171,13.896765083333333,2799.6387771846585,2802.0409138190703,211.72421267141985,-2.3726314252889464,2.6273685747110536,-99.2
57.09084981666667,13.896695866666667,2808.2014853959367,2810.5963037369747,211.71657865892394,-2.3654050780785014,2.6345949219214986,-99.6
57.09078335,13.896625883333334,2816.7113079669125,2819.098897241577,211.71076338301847,-2.3582668183568716,2.6417331816431284,-99.7
57.09071565,13.896560233333334,2825.2003762515715,2827.5807974259587,211.69900474696956,-2.351188740842889,2.648811259157111,-97.4
57.09064746666667,13.896490483333334,2833.8653497457703,2836.2384985204817,211.69100877029652,-2.34400765546916,2.65599234453084,-95.9
57.09058038333333,13.896423483333333,2842.3390674038533,2844.7051471268874,211.68150556563626,-2.337027347150632,2.662972652849368,-95.0
57.090514633333335,13.896356683333332,2850.6803200988174,2853.0394822712665,211.67341610109523,-2.330196621219367,2.669803378780633,-95.4
57.09044875,13.896287366666666,2859.1140258193027,2861.4662347538997,211.6678121025543,-2.323330639254679,2.676669360745321,-94.3
57.09037948333334,13.896221166666667,2867.769293761905,2870.1144092603095,211.65509559865993,-2.3163262011006904,2.6836737988993096,-94.5
57.090313916666666,13.89615745,2875.995709758814,2878.334122813247,211.64420819877898,-2.309707833663383,2.690292166336617,-94.8
57.09024886666667,13.896092016666667,2884.227671807311,2886.5594161248473,211.63573592082366,-2.3031227351787784,2.6968772648212216,-97.4
57.090183466666666,13.896025483333334,2892.527674297239,2894.852733141255,211.6280292389975,-2.2965210947076886,2.7034789052923114,-98.2
57.09011708333333,13.895961183333332,2900.850170593628,2903.168564212743,211.6169654988265,-2.289939433770232,2.710060566229768,-99.4
57.090050866666665,13.895894166666666,2909.24295777355,2911.55466844691,211.60891003588134,-2.283340258979068,2.716659741020932,-98.6
57.08998451666667,13.89583145,2917.512401905571,2919.817565409321,211.59640246843344,-2.2768751436859382,2.7231248563140618,-96.8
57.08991876666666,13.895765533333334,2925.826341115623,2928.1249594861956,211.58787555540235,-2.270412024812733,2.729587975187267,-96.5
57.08985223333333,13.895698933333334,2934.2361761847674,2936.5282116185103,211.57919400195235,-2.263911561416716,2.736088438583284,-95.3
57.08978811666667,13.89563595,2942.3027549749763,2944.588511478868,211.56967434939335,-2.25771128271004,2.74228871728996,-96.0
57.089723066666664,13.895574933333334,2950.39572472886,2952.6752162231346,211.55718625008828,-2.2515247366923754,2.7484752633076246,-95.6
57.08965688333333,13.895513133333333,2958.6210054031512,2960.8941645409673,211.544271964547,-2.2452716739527805,2.7547283260472195,-100.9
57.089591666666664,13.895452299999999,2966.7242771619094,2968.991232169919,211.53155291517106,-2.2391452192419257,2.7608547807580743,-108.7
57.089527966666665,13.895393083333333,2974.632870839513,2976.8938033256954,211.51899642351503,-2.233198086550399,2.766801913449601,-108.3
57.089460116666665,13.895335866666667,2982.8720457448726,2985.1267378934185,211.4998981635485,-2.227035851947719,2.772964148052281,-107.3
57.089396066666666,13.8952789,2990.74324667504,2992.992009266373,211.48488319495428,-2.221180496155841,2.778819503844159,-106.2
57.08933293333333,13.895216616666666,2998.695300811537,3000.93810451152,211.4761991884949,-2.215296161622845,2.784703838377155,-108.5
57.08926893333334,13.89515925,3006.5746930383752,3008.811623352117,211.4617739288128,-2.209496250935978,2.790503749064022,-108.0
57.08920773333333,13.8951013,3014.2069828415906,3016.438253207084,211.4510816656984,-2.20390709743917,2.79609290256083,-104.0
57.089145116666664,13.895045783333334,3021.8971823910215,3024.1227787480448,211.43650799224523,-2.1983040490591383,2.8016959509408617,-106.7
57.08908121666666,13.894987816666665,3029.786501833137,3032.00630716532,211.4229917586586,-2.1925854368950186,2.8074145631049814,-107.2
57.089018816666666,13.894930566666666,3037.51105773865,3039.72522210225,211.410487346295,-2.187014994139685,2.812985005860315,-107.3
57.08895501666667,13.894874066666667,3045.345080336918,3047.553552988408,211.39579381936815,-2.181394431797415,2.818605568202585,-107.3
57.088892066666666,13.894819283333334,3053.044623922306,3055.2475309966126,211.3804369069741,-2.1758984174689977,2.8241015825310023,-107.2
57.0888278,13.894763333333334,3060.906094623143,3063.103347930184,211.36485880562054,-2.170315305075545,2.829684694924455,-107.5
57.0887652,13.8947061,3068.6498037770775,3070.8415162982765,211.35239642945365,-2.1648437521830695,2.8351562478169305,-107.7
57.08870145,13.8946531,3076.3699748403665,3078.556191155087,211.3346896752491,-2.159416211875136,2.840583788124864,-107.7
57.088636916666665,13.894600950000001,3084.138197379827,3086.318911022853,211.31541600182263,-2.153982277416013,2.846017722583987,-107.7
57.08857375,13.894545583333333,3091.8777837519133,3094.05304247659,211.3007793480836,-2.14859549022349,2.85140450977651,-107.6
57.08851105,13.894495316666667,3099.413316349609,3101.5832901222047,211.2818449415099,-2.1433765373867573,2.8566234626132427,-107.7
57.088445633333336,13.894437966666667,3107.429424498138,3109.593804379734,211.26686043888435,-2.1378524940176225,2.8621475059823775,-107.5
57.08838275,13.89438395,3115.100457959673,3117.2595116833895,211.2514721174434,-2.1325928315066083,2.8674071684933917,-107.2
57.08831813333333,13.894331616666667,3122.8838560950053,3125.037532360021,211.23273121260823,-2.127282499531883,2.872717500468117,-107.2
57.08825275,13.894277433333334,3130.7984034589344,3132.946639044625,211.21502551348607,-2.121909726815361,2.878090273184639,-107.4
57.08818973333333,13.89422125,3138.55065283694,3140.6935858856373,211.2017835328196,-2.116673363259866,2.883326636740134,-107.3
57.088123833333334,13.894166016666667,3146.547714772545,3148.68520518332,211.18469141171278,-2.1112986379824488,2.8887013620175512,-107.2
57.0880606,13.894114783333332,3154.1662862959097,3156.2986173056775,211.16671478418704,-2.106203606842436,2.893796393157564,-107.3
57.087995783333334,13.894061733333332,3161.99261904919,3164.119675821627,211.14887840135694,-2.1009951634944675,2.8990048365055325,-107.3
57.087929933333335,13.894006350000002,3169.990474568886,3172.1121683915076,211.1322389245564,-2.0956991054125607,2.9043008945874393,-107.3
57.08786678333333,13.893953533333333,3177.651422991955,3179.768005066218,211.11608461478858,-2.090651107232903,2.909348892767097,-107.4
57.08780215,13.89389985,3185.4809215049454,3187.5923047453853,211.09928346533434,-2.0855171013340983,2.9144828986659017,-107.4
57.0877376,13.893847816666666,3193.2513263802316,3195.357575206429,211.0811184129184,-2.080446703504571,2.919553296495429,-107.3
57.087670116666665,13.893792450000001,3201.405366998267,3203.506254691148,211.06311994665901,-2.0751524046641796,2.9248475953358204,-107.4
57.08760538333333,13.893739799999999,3209.213085971246,3211.3088657382505,211.04551546228262,-2.070108148413872,2.929891851586128,-107.4
57.0875384,13.893685383333333,3217.290535392987,3219.3810568383005,211.02733082074874,-2.064915362632818,2.935084637367182,-107.3
57.08747325,13.893634483333333,3225.0841595432894,3227.1696323771152,211.0078659810012,-2.059929665397758,2.940070334602242,-107.3
57.087409083333334,13.893583533333333,3232.7859544416588,3234.8664620406303,210.98953817636425,-2.0550262981745977,2.9449737018254023,-107.4
57.08734473333333,13.8935306,3240.5671912355697,3242.642706329575,210.97292938779367,-2.05009599304047,2.94990400695953,-107.3
57.08728085,13.893476916666666,3248.3274861262307,3250.398045951166,210.95755644517567,-2.045202452388135,2.954797547611865,-107.3
57.08721535,13.89342515,3256.1827398193404,3258.248307771737,210.93888355786027,-2.040272756697922,2.959727243302078,-107.4
57.087149233333335,13.89337395,3264.079600662054,3266.140174496213,210.91916696994912,-2.0353408357231575,2.9646591642768425,-107.4
57.087083766666666,13.89332325,3271.8993132086503,3273.954965447026,210.8997412232443,-2.030480526622217,2.969519473377783,-107.3
57.0870183,13.893273466666667,3279.6909974686682,3281.7417690727934,210.87957769239978,-2.0256606617610573,2.9743393382389427,-107.4
57.086952616666665,13.893223,3287.5249389820806,3289.570826784116,210.85991253150127,-2.020837661328686,2.979162338671314,-107.4
57.08688835,13.893172683333335,3295.2193425324836,3297.2604561059798,210.84160889415497,-2.016122863372406,2.983877136627594,-107.4
57.08682415,13.89312265,3302.8989512337216,3304.935321917937,210.82320148017385,-2.0114390077974678,2.9885609922025322,-108.4
57.08675891666667,13.89307215,3310.6920474044587,3312.7236275830687,210.80428121954054,-2.0067081217445852,2.9932918782554148,-107.5
57.086693516666664,13.893020333333334,3318.542120931939,3320.5688983063505,210.78646660593085,-2.0019650832914464,2.9980349167085536,-107.3
57.0866286,13.892970883333334,3326.2732269050307,3328.2952963980233,210.76709261014724,-1.9973157797470273,3.0026842202529727,-107.6
57.086564366666664,13.892922449999999,3333.908013535191,3335.925455209418,210.7475683006954,-1.9927455362659177,3.0072544637340823,-107.5
57.08650033333333,13.892874283333333,3341.5158405857096,3343.5286917993126,210.72809054854193,-1.988212179885015,3.011787820114985,-107.4
57.08643823333333,13.892827366666667,3348.9006366241856,3350.909051881575,210.70946716893934,-1.98383140000318,3.0161685999968197,-107.6
57.08637485,13.892781266666667,3356.383365350674,3358.387305717242,210.68895890394504,-1.9794121639230093,3.0205878360769907,-107.6
57.086312983333336,13.892732483333333,3363.8040785390667,3365.803600746196,210.67238208547172,-1.9750489478738227,3.0249510521261773,-107.6
57.08624893333333,13.8926874,3371.320081292699,3373.315148415192,210.65050694455587,-1.9706492600222756,3.0293507399777244,-107.5
57.0861852,13.892638516666667,3378.923168596592,3380.9137491629144,210.63238419157778,-1.9662184860967313,3.0337815139032687,-107.6
57.08612278333333,13.892590649999999,3386.3693045249447,3388.355510661294,210.61470890137082,-1.9618984386204636,3.0381015613795364,-107.3
57.08605728333333,13.892543816666667,3394.0792035843583,3396.060900544016,210.593260041813,-1.957445313746558,3.042554686253442,-107.4
57.085994183333334,13.892497383333334,3401.547469819343,3403.5248183955373,210.57384266631027,-1.9531509777425884,3.046849022257412,-107.4
57.08592911666667,13.892450716666668,3409.2116565053952,3411.184562414098,210.55284761181213,-1.9487635239310135,3.0512364760689863,-107.4
57.085865033333334,13.8924013,3416.8664550083677,3418.8349435679766,210.53527819641144,-1.944401068193379,3.055598931806621,-107.4
57.0857984,13.892354833333334,3424.675469983931,3426.6394725313107,210.5128106830914,-1.9399707968123157,3.0600292031876846,-107.2
57.085733133333335,13.892309116666667,3432.331052086278,3434.2906765612743,210.49107976882786,-1.9356471184807134,3.0643528815192864,-107.4
57.085667883333336,13.892260783333334,3440.0656471992293,3442.0208681877934,210.4717315615551,-1.93129833628949,3.06870166371051,-107.3
57.085604833333335,13.892211283333333,3447.62540764664,3449.576343763196,210.4555394608816,-1.927066689641728,3.0729333103582723,-107.3
57.08554028333333,13.892165333333333,3455.2207028293215,3457.1673527991597,210.434950774915,-1.9228337788596104,3.0771662211403896,-107.3
57.08547636666667,13.892120299999998,3462.7276788525132,3464.670110976125,210.41425151515426,-1.9186683151216817,3.081331684878318,-107.4
57.08541175,13.892073333333334,3470.3613234246704,3472.2994852290362,210.39465625894493,-1.9144510248740416,3.0855489751259584,-107.2
57.085347283333334,13.892024583333333,3478.0354301560833,3479.969317885003,210.37681781640524,-1.9102300198772608,3.089769980122739,-107.2
57.085283483333335,13.891977083333334,3485.607749919022,3487.5374386944645,210.35860196585784,-1.906083199025301,3.093916800974699,-107.2
57.08521735,13.891926866666667,3493.4872557496724,3495.4125945423634,210.34064133549793,-1.9017872187557827,3.098212781244217,-107.2
57.0851508,13.891877099999999,3501.393392654341,3503.31438642373,210.3219950700156,-1.8974961310301364,3.1025038689698636,-107.4
57.0850844,13.8918292,3509.2286304552617,3511.14533746567,210.30197999728765,-1.8932625791641382,3.106737420835862,-108.0
57.08501938333333,13.89177915,3516.9968974502726,3518.909373182953,210.2851449976316,-1.8890838148511464,3.1109161851488536,-108.2
57.084954833333335,13.891729166666666,3524.718613194254,3526.626901473705,210.26875266265046,-1.8849483261935824,3.1150516738064176,-107.3
57.08489123333333,13.891679516666667,3532.3392079112928,3534.24338151002,210.25301249675306,-1.88088470218145,3.11911529781855,-107.2
57.08482636666667,13.891626633333335,3540.1800984287956,3542.0800568749596,210.23892559530634,-1.8767218481220307,3.1232781518779693,-107.3
57.0847618,13.891577533333333,3547.877388257987,3549.7732268572195,210.2219814411997,-1.8726531124247237,3.1273468875752766,-107.2
57.08470055,13.891524166666667,3555.3858129007476,3557.2776499137526,210.21169003432306,-1.8687011657567347,3.1312988342432653,-107.2
57.08463655,13.891472366666667,3563.111124930756,3564.9988623568056,210.19765458258976,-1.864652429446763,3.135347570553237,-107.4
57.0845721,13.891420766666666,3570.8738465459423,3572.757482386093,210.1831090153165,-1.8606017143287181,3.139398285671282,-107.2
57.08450808333333,13.8913702,3578.56377812594,3580.4433683714374,210.16814964169458,-1.8566062914570154,3.143393708542985,-107.1
57.08444406666667,13.891314216666666,3586.4182482362885,3588.2937242207818,210.15777698121454,-1.8525430491768038,3.147456950823196,-107.3
57.084379166666665,13.891259616666668,3594.3158511609613,3596.187208406557,210.14551159838746,-1.8484753798642057,3.1515246201357945,-107.4
57.08431426666667,13.891204933333334,3602.2161474758773,3604.0834026331786,210.13336946252878,-1.844424150068088,3.155575849931912,-106.9
57.08425031666667,13.891150583333333,3610.015114621539,3611.87833790065,210.12184479711178,-1.8404422554039999,3.1595577445960004,-107.5
57.084185383333335,13.8910952,3617.940141323137,3619.799285346811,210.11035756499925,-1.836413566308624,3.1635864336913757,-107.2
57.0841194,13.891034816666666,3626.1177559087673,3627.9727093401398,210.1021273953961,-1.8322749157510896,3.1677250842489104,-107.4
57.08405508333333,13.890975300000001,3634.108825906257,3635.9597025448115,210.0946838966809,-1.8282486495619805,3.1717513504380195,-107.2
57.08398793333333,13.890916283333333,3642.357503743476,3644.204190914171,210.08437934777788,-1.8241111000909316,3.1758888999090686,-107.2
57.083921483333334,13.890859316666667,3650.476901844794,3652.3194836846305,210.07305040872117,-1.820056640330971,3.179943359669029,-107.1
57.08385745,13.89080215,3658.369863587404,3660.20847204152,210.06404239990007,-1.8161324863743524,3.1838675136256476,-107.1
57.08379278333334,13.890742483333334,3666.3994886944997,3668.234072506727,210.05656640603868,-1.812157706989806,3.1878422930101937,-106.3
57.08372763333333,13.89068425,3674.4323784835588,3676.262953604971,210.04753467367934,-1.8081986767208398,3.19180132327916,-108.4
57.083663333333334,13.890624016666667,3682.4439720479286,3684.270566512743,210.04090630941812,-1.8042673291035776,3.1957326708964224,-109.7
57.0835975,13.890563983333333,3690.59721888799,3692.4197800444854,210.03282062555138,-1.8002839776380404,3.19971602236196,-110.6
57.08353165,13.890498366666666,3698.920840857706,3700.739302751746,210.0292822104018,-1.796235484490004,3.203764515509996,-111.2
57.083467266666666,13.890439416666668,3706.901836512588,3708.7163851581313,210.02162803463523,-1.7923706973367421,3.207629302663258,-111.1
57.08340466666667,13.8903759,3714.8490875082075,3716.659756146715,210.01922183125512,-1.7885387359587839,3.2114612640412163,-111.2
57.08334165,13.890315616666667,3722.738820072379,3724.5456531601126,210.01386530731855,-1.7847506764135284,3.2152493235864714,-107.8
57.083278066666665,13.890250633333332,3730.8250980411094,3732.628016849985,210.01182587623896,-1.7808848595628881,3.219115140437112,-107.0
57.083214266666666,13.890184833333333,3738.9569139292494,3740.7559134778276,210.0102659667242,-1.7770141188849142,3.2229858811150858,-106.3
57.083152266666666,13.890123183333333,3746.7900542915154,3748.5852946061955,210.0069210468493,-1.773301419702568,3.226698580297432,-107.4
